Workbook

Sheet Application Inventory
A1: Application Inventory
A2: List of IT applications/platform services being assessed.
A3: Application ID | B3: Application ID | C3: Type | D3: Business Unit | E3: Criticality | F3: Hosting | G3: Technology | H3: Owner Role | I3: Status
A4: APP-001 | B4: Finance ERP | C4: Application | D4: Finance | E4: Business Critical | F4: Cloud | G4: SAP S/4HANA | H4: Owner - Finance IT | I4: Active
A5: APP-002 | B5: HR Portal | C5: Application | D5: HR | E5: High | F5: Cloud | G5: Workday | H5: Owner - HR IT | I5: Active
A6: APP-003 | B6: Customer API Gateway | C6: Platform Service | D6: Digital | E6: Business Critical | F6: Cloud | G6: API Management | H6: Platform Team | I6: Active
A7: APP-004 | B7: Manufacturing MES | C7: Application | D7: Operations | E7: Business Critical | F7: On-Prem | G7: MES Platform | H7: OT Applications | I7: Active
A8: APP-005 | B8: Supplier Portal | C8: Application | D8: Procurement | E8: High | F8: Cloud | G8: Web Application | H8: Procurement IT | I8: Active
A9: APP-006 | B9: Data Lake Platform | C9: Platform Service | D9: Data & Analytics | E9: High | F9: Cloud | G9: Azure Data Lake | H9: Data Platform | I9: Active
A10: APP-007 | B10: Identity Service | C10: Platform Service | D10: Enterprise IT | E10: Business Critical | F10: Hybrid | G10: Entra ID / AD | H10: IAM Team | I10: Active
A11: APP-008 | B11: ITSM Platform | C11: Application | D11: IT | E11: High | F11: Cloud | G11: ServiceNow | H11: IT Operations | I11: Active
A12: APP-009 | B12: Corporate Collaboration | C12: Application | D12: Corporate | E12: Medium | F12: Cloud | G12: M365 | H12: Digital Workplace | I12: Active
A13: APP-010 | B13: Vulnerability Scanner | C13: Platform Service | D13: Security | E13: High | F13: Hybrid | G13: Tenable | H13: Security Operations | I13: Active

Sheet Risk Register
A1: Risk Register
A2: Risk Score:Likelihood*Impact | 1–4 = Low | 5–9 = Medium | 10–16 = High | 17–25 = Critical
A3: Risk ID | B3: Application ID | C3: Application ID | D3: Risk Category | E3: Risk Description | F3: Likelihood | G3: Impact | H3: Risk Score | I3: Risk Level | J3: Risk Owner | K3: Mitigation / Recommended Action | L3: Status
A4: RSK-001 | B4: RSK-002 | C4: Finance ERP | D4: Access Management | E4: Excessive user privileges may allow unauthorized access to financial data | F4: 3 | G4: 5 | H4: =F4*G4 -> 0 | I4: =IF(H4>=17,"Critical",IF(H4>=10,"High",IF(H4>=5,"Medium","Low"))) -> 0 | J4: Owner - Finance IT | K4: Review user roles and apply least privilege | L4: In Progress
A5: RSK-002 | B5: APP-001 | C5: Finance ERP | D5: Data Protection | E5: Sensitive financial data may be exposed through incorrect access permissions | F5: 3 | G5: 5 | H5: =F5*G5 -> 0 | I5: =IF(H5>=17,"Critical",IF(H5>=10,"High",IF(H5>=5,"Medium","Low"))) -> 0 | J5: Owner - Finance IT | K5: Review data access and permissions | L5: Open
A6: RSK-003 | B6: APP-002 | C6: HR Portal | D6: Access Management | E6: Missing or weak MFA could allow unauthorized employee account access | F6: 4 | G6: 5 | H6: =F6*G6 -> 0 | I6: =IF(H6>=17,"Critical",IF(H6>=10,"High",IF(H6>=5,"Medium","Low"))) -> 0 | J6: Owner - HR IT | K6: Enforce MFA for privileged and user accounts | L6: In Progress
A7: RSK-004 | B7: APP-002 | C7: HR Portal | D7: Data Protection | E7: Personal employee information could be exposed through excessive access | F7: 3 | G7: 5 | H7: =F7*G7 -> 0 | I7: =IF(H7>=17,"Critical",IF(H7>=10,"High",IF(H7>=5,"Medium","Low"))) -> 0 | J7: Owner - HR IT | K7: Conduct access review and restrict sensitive data access | L7: Open
A8: RSK-005 | B8: APP-003 | C8: Customer API Gateway | D8: Vulnerability Management | E8: Unpatched API components may expose services to known vulnerabilities | F8: 3 | G8: 5 | H8: =F8*G8 -> 0 | I8: =IF(H8>=17,"Critical",IF(H8>=10,"High",IF(H8>=5,"Medium","Low"))) -> 0 | J8: Platform Team | K8: Perform regular vulnerability scanning and patching | L8: Open
A9: RSK-006 | B9: APP-003 | C9: Customer API Gateway | D9: Access Management | E9: Weak API authentication could allow unauthorized API requests | F9: 3 | G9: 5 | H9: =F9*G9 -> 0 | I9: =IF(H9>=17,"Critical",IF(H9>=10,"High",IF(H9>=5,"Medium","Low"))) -> 0 | J9: Platform Team | K9: Strengthen authentication and API access controls | L9: In Progress
A10: RSK-007 | B10: APP-004 | C10: Manufacturing MES | D10: Availability | E10: System outage could interrupt manufacturing operations | F10: 3 | G10: 5 | H10: =F10*G10 -> 0 | I10: =IF(H10>=17,"Critical",IF(H10>=10,"High",IF(H10>=5,"Medium","Low"))) -> 0 | J10: OT Applications | K10: Test backups and maintain recovery procedures | L10: Open
A11: RSK-008 | B11: APP-004 | C11: Manufacturing MES | D11: Vulnerability Management | E11: Outdated software components may contain exploitable vulnerabilities | F11: 3 | G11: 5 | H11: =F11*G11 -> 0 | I11: =IF(H11>=17,"Critical",IF(H11>=10,"High",IF(H11>=5,"Medium","Low"))) -> 0 | J11: OT Applications | K11: Maintain patch assessment and vulnerability tracking | L11: In Progress
A12: RSK-009 | B12: APP-005 | C12: Supplier Portal | D12: Access Management | E12: Compromised supplier accounts could provide unauthorized portal access | F12: 3 | G12: 4 | H12: =F12*G12 -> 0 | I12: =IF(H12>=17,"Critical",IF(H12>=10,"High",IF(H12>=5,"Medium","Low"))) -> 0 | J12: Procurement IT | K12: Implement MFA and periodic account reviews | L12: Open
A13: RSK-010 | B13: APP-005 | C13: Supplier Portal | D13: Vulnerability Management | E13: Web application vulnerabilities could expose supplier information | F13: 3 | G13: 4 | H13: =F13*G13 -> 0 | I13: =IF(H13>=17,"Critical",IF(H13>=10,"High",IF(H13>=5,"Medium","Low"))) -> 0 | J13: Procurement IT | K13: Perform periodic vulnerability and security testing | L13: Open
A14: RSK-011 | B14: APP-006 | C14: Data Lake Platform | D14: Data Protection | E14: Incorrect permissions could expose sensitive business data | F14: 3 | G14: 5 | H14: =F14*G14 -> 0 | I14: =IF(H14>=17,"Critical",IF(H14>=10,"High",IF(H14>=5,"Medium","Low"))) -> 0 | J14: Data Platform | K14: Review access permissions and data classification | L14: In Progress
A15: RSK-012 | B15: APP-006 | C15: Data Lake Platform | D15: Cloud Security | E15: Misconfigured cloud storage could result in unauthorized data exposure | F15: 3 | G15: 5 | H15: =F15*G15 -> 0 | I15: =IF(H15>=17,"Critical",IF(H15>=10,"High",IF(H15>=5,"Medium","Low"))) -> 0 | J15: Data Platform | K15: Review cloud configuration and access policies | L15: Open
... A23: RSK-020 | B23: APP-010 | C23: Vulnerability Scanner | D23: Security Governance | E23: Vulnerability results may not be assigned and remediated within defined timelines | F23: 3 | G23: 4 | H23: =F23*G23 -> 0 | I23: =IF(H23>=17,"Critical",IF(H23>=10,"High",IF(H23>=5,"Medium","Low"))) -> 0 | J23: Security Operations | K23: Define ownership, SLA and remediation tracking | L23: In Progress

Sheet Findings
A1: Security Findings
A3: Finding ID | B3: Risk ID | C3: Application | D3: Finding Category | E3: Finding Description | F3: Severity | G3: Source | H3: Owner | I3: Status
A4: FIND-001 | B4: RSK-001 | C4: Finance ERP | D4: Access Management | E4: Excessive user privileges identified | F4: High | G4: Access Review | H4: Finance IT | I4: Open
A5: FIND-002 | B5: RSK-002 | C5: Finance ERP | D5: Data Protection | E5: Sensitive financial data access requires review | F5: High | G5: Security Assessment | H5: Finance IT | I5: Open
A6: FIND-003 | B6: RSK-003 | C6: HR Portal | D6: Authentication | E6: MFA enforcement requires improvement | F6: Critical | G6: Security Assessment | H6: HR IT | I6: In Progress
A7: FIND-004 | B7: RSK-004 | C7: HR Portal | D7: Data Protection | E7: Excessive access to employee information | F7: High | G7: Access Review | H7: HR IT | I7: Open
A8: FIND-005 | B8: RSK-005 | C8: Customer API Gateway | D8: Vulnerability | E8: Unpatched API components identified | F8: High | G8: Vulnerability Scan | H8: Platform Team | I8: Open
A9: FIND-006 | B9: RSK-006 | C9: Customer API Gateway | D9: Authentication | E9: API authentication controls require improvement | F9: High | G9: Security Assessment | H9: Platform Team | I9: In Progress
A10: FIND-007 | B10: RSK-007 | C10: Manufacturing MES | D10: Availability | E10: Recovery testing requires improvement | F10: High | G10: IT/OT Assessment | H10: OT Applications | I10: Open
A11: FIND-008 | B11: RSK-008 | C11: Manufacturing MES | D11: Vulnerability | E11: Outdated software components identified | F11: High | G11: Vulnerability Scan | H11: OT Applications | I11: In Progress
A12: FIND-009 | B12: RSK-009 | C12: Supplier Portal | D12: Access Management | E12: Supplier account access requires periodic review | F12: High | G12: Access Review | H12: Procurement IT | I12: Open
A13: FIND-010 | B13: RSK-010 | C13: Supplier Portal | D13: Web Security | E13: Web application vulnerabilities require remediation | F13: High | G13: Security Testing | H13: Procurement IT | I13: Open

Sheet Remediation
A1: Remediation Tracker
A3: Action ID | B3: Finding ID | C3: Application | D3: Remediation Action | E3: Owner | F3: Priority | G3: Target Date | H3: Status | I3: Evidence | J3: Comments
A4: ACT-001 | B4: FIND-001 | C4: Finance ERP | D4: Review user roles and remove unnecessary privileges | E4: Finance IT | F4: High | G4: 30.09.2026 | H4: In Progress | I4: Access Review | J4: Pending review
A5: ACT-002 | B5: FIND-002 | C5: Finance ERP | D5: Review permissions for sensitive financial data | E5: Finance IT | F5: High | G5: 05.10.2026 | H5: Open | I5: Access Matrix | J5: -
A6: ACT-003 | B6: FIND-003 | C6: HR Portal | D6: Enforce MFA for all users | E6: HR IT | F6: Critical | G6: 25.09.2026 | H6: In Progress | I6: MFA Report | J6: -
A7: ACT-004 | B7: FIND-004 | C7: HR Portal | D7: Restrict access to employee information | E7: HR IT | F7: High | G7: 10.10.2026 | H7: Open | I7: Access Review | J7: -
A8: ACT-005 | B8: FIND-005 | C8: Customer API Gateway | D8: Patch vulnerable API components | E8: Platform Team | F8: High | G8: 01.10.2026 | H8: Open | I8: Scan Report | J8: -

Sheet Assesment
A1: Security Assessment Tracker
A3: Assessment ID | B3: Application | C3: Assessment Type | D3: Assessment Date | E3: Assessor | F3: Findings | G3: Critical Findings | H3: High Findings | I3: Status | J3: Next Review
A4: ASMT-001 | B4: Finance ERP | C4: Application Security Assessment | D4: 15.03.2026 | E4: Security Team | F4: 2 | G4: 0 | H4: 2 | I4: Completed | J4: 15.09.2026
A5: ASMT-002 | B5: HR Portal | C5: Access Security Assessment | D5: 18.04.2026 | E5: Security Team | F5: 2 | G5: 1 | H5: 1 | I5: In Progress | J5: 18.10.2026
A6: ASMT-003 | B6: Customer API Gateway | C6: Vulnerability Assessment | D6: 20.05.2026 | E6: Security Team | F6: 2 | G6: 0 | H6: 2 | I6: Completed | J6: 20.09.2026
A7: ASMT-004 | B7: Manufacturing MES | C7: IT/OT Security Assessment | D7: 22.05.2026 | E7: Security Team | F7: 2 | G7: 0 | H7: 2 | I7: In Progress | J7: 22.10.2026
A8: ASMT-005 | B8: Supplier Portal | C8: Web Security Assessment | D8: 25.05.2026 | E8: Security Team | F8: 2 | G8: 0 | H8: 2 | I8: Planned | J8: 25.11.2026

Sheet Compliance
A1: ISO 27001 Compliance Tracker
A3: Control ID | B3: Security Area | C3: Requirement | D3: Application | E3: Status | F3: Evidence Required | G3: Evidence Required | H3: Owner | I3: Gap/Action
A4: ISO-001 | B4: Access Control | C4: User access should be appropriately managed | D4: Finance ERP | E4: Partially Compliant | F4: Access Review | G4: Access Review | H4: Finance IT | I4: Review privileged accounts
A5: ISO-002 | B5: Authentication | C5: Strong authentication should be implemented | D5: HR Portal | E5: Non-Compliant | F5: MFA Report | G5: MFA Report | H5: HR IT | I5: Implement MFA
A6: ISO-003 | B6: Vulnerability Management | C6: Vulnerabilities should be identified and managed | D6: API Gateway | E6: Partially Compliant | F6: Vulnerability Scan | G6: Vulnerability Scan | H6: Platform Team | I6: Patch open findings
A7: ISO-004 | B7: Backup & Recovery | C7: Critical systems should have recovery procedures | D7: Manufacturing MES | E7: Partially Compliant | F7: Recovery Test | G7: Recovery Test | H7: OT Applications | I7: Perform recovery test
A8: ISO-005 | B8: Data Protection | C8: Sensitive information should have appropriate access controls | D8: Data Lake | E8: Partially Compliant | F8: Access Matrix | G8: Access Matrix | H8: Data Platform | I8: Review permissions
A9: ISO-006 | B9: Logging & Monitoring | C9: Security-relevant activities should be monitored | D9: Identity Service | E9: Compliant | F9: Monitoring Report | G9: Monitoring Report | H9: IAM Team | I9: -
A10: ISO-007 | B10: Incident Management | C10: Security incidents should be recorded and managed | D10: ITSM Platform | E10: Compliant | F10: Incident Records | G10: Incident Records | H10: IT Operations | I10: -
A11: ISO-008 | B11: Security Documentation | C11: Security processes should be documented | D11: ITSM Platform | E11: Partially Compliant | F11: Process Document | G11: Process Document | H11: IT Operations | I11: Update documentation

Sheet KPI Report
A1: Security KPI Report
B2: KPI | C2: Value | D2: Target | E2: Status
B3: Total Applications | C3: =COUNTA('Application Inventory'!A4:A13) -> 0 | D3: 10 | E3: On Track
B4: Total Risks | C4: =COUNTA('Risk Register'!A4:A23) -> 0 | D4: ≤20 | E4: On Track
B5: Critical Risks | C5: =COUNTIF('Risk Register'!I4:I23,"Critical") -> 0 | D5: 0 | E5: Attention
B6: High Risks | C6: =COUNTIF('Risk Register'!I4:I23,"High") -> 0 | D6: ≤5 | E6: Attention
B7: Open Findings | C7: =COUNTIF(Findings!I4:I13,"Open") -> 0 | D7: ≤5 | E7: Attention
B8: Findings In Progress | C8: =COUNTIF(Findings!I4:I13,"In Progress") -> 0 | D8: - | E8: On Track
B9: Remediation Actions Open | C9: =COUNTIF(Remediation!H4:H8,"Open") -> 0 | D9: ≤5 | E9: On Track
B10: Compliance Rate | C10: - | D10: -

Sheet Dashboard
A1: IT APPLICATION SECURITY GOVERNANCE DASHBOARD
A3: Application | B3: Risks | C3: Critical
A4: =COUNTA('Application Inventory'!A4:A13) -> 0 | B4: =COUNTA('Risk Register'!A4:A23) -> 0 | C4: =COUNTIF('Risk Register'!I4:I23,"Critical") -> 0
A6: RISK DISTRIBUTION | F6: Compliance Chart
B8: Critical | C8: =COUNTIF('Risk Register'!I4:I23,"Critical") -> 0 | G8: Compliant | H8: =COUNTIF(Compliance!E4:E11,"Compliant") -> 0
B9: High | C9: =COUNTIF('Risk Register'!I4:I23,"High") -> 0 | G9: Partially Compliant | H9: =COUNTIF(Compliance!E4:E11,"Partially Compliant") -> 0
B10: Medium | C10: =COUNTIF('Risk Register'!I4:I23,"Medium") -> 0 | G10: Non-Compliant | H10: =COUNTIF(Compliance!E4:E11,"Non-Compliant") -> 0
B11: Low | C11: =COUNTIF('Risk Register'!I4:I23,"Low") -> 0
A14: Remediation Progress | F14: Findings
B16: Open | C16: =COUNTIF(Remediation!H4:H8,"Open") -> 0 | F16: Open | G16: =COUNTIF(Findings!I4:I13,"Open") -> 0
B17: In Progress | C17: =COUNTIF(Remediation!H4:H8,"In Progress") -> 0 | F17: In Progress | G17: =COUNTIF(Findings!I4:I13,"In Progress") -> 0
B18: Completed | C18: =COUNTIF(Remediation!H4:H8,"Completed") -> 0 | F18: Closed | G18: =COUNTIF(Findings!I4:I13,"Closed") -> 0
